0.002904384396970272,3.7178397178649902e-06,-0.00012087821960449219,0.9999994039535522,-2.143126039300114e-05,-0.0010704832384362817,0.00039271992864087224
0.003949680365622044,7.502548396587372e-05,-0.00023686885833740234,0.9999895691871643,6.558306608894782e-07,-0.0007996203494258225,0.004493703134357929
0.006111176684498787,0.00033310241997241974,-0.00027376413345336914,0.9999610185623169,4.288121999707073e-05,-0.0008856938220560551,0.008793896064162254
0.009126718156039715,0.00044067390263080597,-0.0002924203872680664,0.9999586343765259,-2.7581028916756622e-05,-0.0008649638039059937,0.009057845920324326
0.013095354661345482,0.0005415920168161392,-0.00023478269577026367,0.9999580979347229,1.7916065189638175e-05,-0.0009337326046079397,0.009111489169299603
0.017767135053873062,0.0006487313657999039,-0.0002594590187072754,0.9999576807022095,5.244356725597754e-05,-0.0009037976851686835,0.009163064882159233
0.023392178118228912,0.0006573721766471863,-0.00020450353622436523,0.999956488609314,-4.250490746926516e-05,-0.000968228792771697,0.009286148473620415
0.029712701216340065,0.0007761269807815552,-0.00021022558212280273,0.9999544024467468,-6.892542296554893e-05,-0.0009632576256990433,0.009510042145848274
0.03683607652783394,0.0009958483278751373,-0.00019097328186035156,0.9999523162841797,-8.514671208104119e-05,-0.0009878999553620815,0.009716563858091831
0.0448327399790287,0.001366354525089264,-0.00011843442916870117,0.9999487996101379,-0.00011554736556718126,-0.0010750889778137207,0.010068610310554504
0.053493186831474304,0.0019061462953686714,-0.00012040138244628906,0.9999446272850037,-6.153088179416955e-05,-0.001072967890650034,0.010471418499946594
0.06297708302736282,0.002233763225376606,-0.00010591745376586914,0.9999452233314514,-0.0001109389922930859,-0.0010908058611676097,0.010416332632303238
0.07350509613752365,0.002272765152156353,5.9545040130615234e-05,0.9999404549598694,-0.00030285780667327344,-0.0012936788843944669,0.010835083201527596
0.08456284552812576,0.0025642551481723785,9.423494338989258e-05,0.9999275207519531,-0.0002581914304755628,-0.001337313326075673,0.011963022872805595
0.09586481004953384,0.0031090760603547096,-0.00019109249114990234,0.9999160170555115,-1.0601992244119174e-06,-0.0009851983049884439,0.012921208515763283
0.10844842344522476,0.0034815240651369095,-0.0001990199089050293,0.9999154210090637,-8.539497684978414e-06,-0.000978725729510188,0.012974775396287441
0.12211206555366516,0.0036320453509688377,-5.125999450683594e-06,0.9998972415924072,-0.00015058412100188434,-0.001214064541272819,0.014286015182733536
0.13614147901535034,0.004266830161213875,-5.370378494262695e-05,0.9998797178268433,-8.068979514064267e-05,-0.0011567544424906373,0.015463387593626976
0.15140481293201447,0.004483269527554512,0.00017243623733520508,0.9998533129692078,-0.00031898959423415363,-0.0014344489900395274,0.01706659235060215
0.16823603212833405,0.004726666025817394,0.0008664131164550781,0.9998348355293274,-0.0008750523556955159,-0.002289400901645422,0.018010055646300316
0.18427452445030212,0.006036981008946896,0.0005750656127929688,0.9998513460159302,-0.0007285646861419082,-0.001935559674166143,0.017123965546488762
0.20111380517482758,0.007164104841649532,0.00031572580337524414,0.999851405620575,-0.0003079206799156964,-0.0016080774366855621,0.01716267317533493
0.21902063488960266,0.007649589329957962,0.00019407272338867188,0.9998515248298645,-0.0003221970982849598,-0.0014590828213840723,0.01716902293264866
0.23894798755645752,0.007841920480132103,0.0007956624031066895,0.9998388886451721,-0.000988745247013867,-0.0022071583662182093,0.017792830243706703
0.25742200016975403,0.009353695437312126,2.7060508728027344e-05,0.9998429417610168,-0.00022562097001355141,-0.0012581025948747993,0.017681969329714775
0.2797723114490509,0.009474653750658035,0.0010811090469360352,0.9998226165771484,-0.0008960430277511477,-0.0025526867248117924,0.01864243485033512
0.29973292350769043,0.011337758973240852,0.00016188621520996094,0.9998484253883362,-0.0002654808049555868,-0.0014235515845939517,0.017351001501083374
0.3242354393005371,0.01104813627898693,0.0015053153038024902,0.9997827410697937,-0.0013643339043483138,-0.003082411363720894,0.02057104930281639
0.34786880016326904,0.011995449662208557,0.001851201057434082,0.9997296333312988,-0.002082371385768056,-0.003523418679833412,0.02288997173309326
0.3690224587917328,0.01559507753700018,0.0002747178077697754,0.9997054934501648,-0.0004115360206924379,-0.0015679083298891783,0.02421511337161064
0.39425554871559143,0.016530673950910568,0.0006330013275146484,0.9997077584266663,-0.000330352719174698,-0.0019970019347965717,0.024092696607112885
0.42035844922065735,0.016690116375684738,0.0010355114936828613,0.9996981024742126,-0.0009922647150233388,-0.0025044346693903208,0.024423524737358093
0.4459594488143921,0.017999257892370224,0.0007410049438476562,0.9996973872184753,-0.0009646728285588324,-0.0021488387137651443,0.0244879312813282
0.474308580160141,0.018363354727625847,0.0016606450080871582,0.999674379825592,-0.001409144839271903,-0.003279784694314003,0.02526964619755745
0.5037001967430115,0.018122578039765358,0.0027613043785095215,0.9996892809867859,-0.002649294910952449,-0.004647683817893267,0.024342456832528114
0.5298462510108948,0.020342236384749413,0.001507580280303955,0.9997193813323975,-0.0017765243537724018,-0.003100047819316387,0.023422259837388992
0.5561844110488892,0.022547688335180283,3.343820571899414e-05,0.9996418356895447,-0.00027740906807594,-0.001267156796529889,0.026732906699180603
0.5875441431999207,0.022232621908187866,0.0012382864952087402,0.9992700815200806,-0.0012628351105377078,-0.0027787801809608936,0.03807853162288666
0.618040144443512,0.023432377725839615,0.0014818906784057617,0.9989095330238342,-0.0016281497664749622,-0.0031039773020893335,0.0465557761490345
0.6464226841926575,0.027122508734464645,7.659196853637695e-05,0.9986635446548462,-0.00015913558308966458,-0.0013249838957563043,0.05166541412472725
0.6790551543235779,0.02874547615647316,0.0007478594779968262,0.99794602394104,-0.00081802619388327,-0.002198118017986417,0.06401905417442322
0.7123234272003174,0.03139204904437065,0.001372694969177246,0.9970149993896484,-0.0015053466195240617,-0.0030156641732901335,0.07713373750448227
0.744053065776825,0.03641405329108238,0.000738978385925293,0.9962866306304932,-0.0006930415402166545,-0.002200164133682847,0.08606791496276855
0.7772595286369324,0.04184768348932266,0.0005661249160766602,0.9955479502677917,-0.0003590020933188498,-0.0019522623624652624,0.09423594176769257
0.8125132322311401,0.04896262288093567,0.0013263821601867676,0.9944953322410583,0.0004517816996667534,-0.002806071424856782,0.10474295169115067
0.8467907905578613,0.055704593658447266,0.0009510517120361328,0.993294358253479,0.0004016310558654368,-0.0023491426836699247,0.11558805406093597
0.8817660808563232,0.0626138299703598,0.0005310177803039551,0.9919796586036682,-0.00011939410615013912,-0.0018973195692524314,0.1263829916715622
0.9182543158531189,0.07041751593351364,0.0007234811782836914,0.9906185269355774,-0.0005523523432202637,-0.002207929966971278,0.13663816452026367
0.9543583989143372,0.0802915096282959,0.0005620718002319336,0.9894549250602722,2.686151856323704e-05,-0.0019202178809791803,0.14482830464839935
0.9931480884552002,0.08974210172891617,0.0013946294784545898,0.988314688205719,-0.0005326581303961575,-0.0030353963375091553,0.15239687263965607
1.0290685892105103,0.10114546120166779,0.00036972761154174805,0.9878352880477905,0.0003481576859485358,-0.0016372448299080133,0.15549510717391968
1.0679439306259155,0.11184152960777283,0.0005342364311218262,0.9868691563606262,-0.00021642667707055807,-0.0019308073678985238,0.16151046752929688
1.1060547828674316,0.12431696057319641,9.995698928833008e-05,0.9863996505737305,0.00019254563085269183,-0.0013292832300066948,0.16435906291007996
1.145799160003662,0.13730046153068542,0.0003020763397216797,0.9860544204711914,0.0003459158178884536,-0.0015531774843111634,0.16641561686992645
1.1856921911239624,0.15065661072731018,0.0002943873405456543,0.985692024230957,0.0005546834436245263,-0.0015115792630240321,0.16854877769947052
1.2271071672439575,0.16311262547969818,0.0006108283996582031,0.9853496551513672,-0.0005555751267820597,-0.0020890722516924143,0.1705331653356552
1.2672924995422363,0.17749279737472534,0.00024759769439697266,0.985098659992218,-3.323493365314789e-05,-0.001549768727272749,0.17198361456394196
1.3087878227233887,0.19193752110004425,0.0003362894058227539,0.9847195744514465,0.00011608553904807195,-0.0016335021937265992,0.17414020001888275
1.3512271642684937,0.20688381791114807,0.0007097721099853516,0.9842723608016968,0.00016751135990489274,-0.002089125569909811,0.17664529383182526
1.392891526222229,0.22197264432907104,0.0002555251121520996,0.9840635061264038,2.0998431864427403e-05,-0.0015544865746051073,0.1778106987476349
1.4360311031341553,0.23746396601200104,0.0005158782005310059,0.9831677079200745,-0.00011521390842972323,-0.001901793759316206,0.18269574642181396
1.478757381439209,0.253522127866745,0.00029855966567993164,0.9822824001312256,-4.5906643208581954e-05,-0.0016217426164075732,0.18739990890026093
1.5252423286437988,0.2690853774547577,0.001890718936920166,0.9807319045066833,-0.0012578070163726807,-0.0038412665016949177,0.19531656801700592
1.5674242973327637,0.28663143515586853,0.0009874701499938965,0.9801154136657715,-0.00062804005574435,-0.002600747859105468,0.1984102427959442
1.6115717887878418,0.3045620322227478,0.0009008049964904785,0.9788395166397095,-0.0002670485991984606,-0.0024230738636106253,0.20461519062519073
1.654836893081665,0.32290831208229065,3.653764724731445e-05,0.9776446223258972,0.00013177057553548366,-0.001267016283236444,0.21025995910167694
1.7022000551223755,0.34142136573791504,0.001208961009979248,0.9762296080589294,-0.0006583865615539253,-0.0029052100144326687,0.2167186588048935
1.745827317237854,0.3616722524166107,0.0002930164337158203,0.975678026676178,0.0001848812826210633,-0.0015767593868076801,0.2192031294107437
1.7922147512435913,0.38124650716781616,0.00046050548553466797,0.9739819765090942,-0.0002464532444719225,-0.0018856237875297666,0.22661752998828888
1.8376544713974,0.4024537205696106,0.00011831521987915039,0.9726060628890991,0.0002128122723661363,-0.001351610873825848,0.2324555218219757
1.8841142654418945,0.4239749312400818,0.00011157989501953125,0.970697820186615,0.00034965918166562915,-0.0013106775004416704,0.2402997612953186
1.9341819286346436,0.44559428095817566,0.0017920732498168945,0.9667640924453735,-0.0007819768507033587,-0.0037270209286361933,0.2556418180465698
1.9804874658584595,0.4701390564441681,0.0017834305763244629,0.9643125534057617,0.00043653996544890106,-0.003400180023163557,0.26474425196647644
2.0257327556610107,0.4931589365005493,0.0003129243850708008,0.9621829986572266,0.0003154850273858756,-0.001576003385707736,0.272399365901947
2.0727994441986084,0.5183337330818176,0.00020951032638549805,0.9589069485664368,0.00041262872400693595,-0.0014160920400172472,0.28371739387512207
2.1213300228118896,0.5460760593414307,0.0013974308967590332,0.9542653560638428,0.0009345622383989394,-0.0027753084432333708,0.2989466190338135
2.169498920440674,0.5725396275520325,0.001502394676208496,0.9490466117858887,-0.00029484217520803213,-0.003310849191620946,0.3151184022426605
2.2143545150756836,0.6016934514045715,0.0004056096076965332,0.9455377459526062,0.0006016650586389005,-0.001608405844308436,0.32550832629203796
2.2618534564971924,0.6320316791534424,0.0007658600807189941,0.9406711459159851,0.0009340057149529457,-0.001953204395249486,0.33931294083595276
2.3089585304260254,0.6638128161430359,0.0011543631553649902,0.9353278279304504,0.0012821420095860958,-0.0023253352846950293,0.3537724018096924
2.354574203491211,0.6955530643463135,0.00041431188583374023,0.9302756190299988,0.00104574766010046,-0.0014443506952375174,0.36685723066329956
2.400825262069702,0.7299076914787292,0.0007898211479187012,0.9241616725921631,0.001106931478716433,-0.0019048309186473489,0.38199546933174133
2.444643020629883,0.7688751220703125,0.001891493797302246,0.9187769889831543,0.0038616901729255915,-0.002184594050049782,0.3947521150112152
2.4893651008605957,0.8109892010688782,0.004689574241638184,0.9134964942932129,0.007018703501671553,-0.00447563361376524,0.4067615866661072
2.5319433212280273,0.8505336046218872,0.004994750022888184,0.9090532064437866,0.008333048783242702,-0.004229383077472448,0.4165754020214081
2.5764615535736084,0.8882823586463928,0.005035877227783203,0.9046732783317566,0.006334348116070032,-0.005159643478691578,0.42602771520614624
2.619720935821533,0.9238467812538147,0.0030887722969055176,0.9013300538063049,0.002354628639295697,-0.004403331317007542,0.43310433626174927
2.65868878364563,0.9632002711296082,0.0009201169013977051,0.9001059532165527,0.0017909641610458493,-0.0017309666145592928,0.4356640577316284
2.699589252471924,1.0043703317642212,0.0002244710922241211,0.8999172449111938,0.000865666544996202,-0.001241165678948164,0.4360581040382385
2.7404000759124756,1.0487782955169678,0.0007638335227966309,0.8993881940841675,0.0014871068997308612,-0.0016745567554607987,0.4371453821659088
2.780757188796997,1.0928544998168945,0.0006092190742492676,0.8992323875427246,0.0014406972331926227,-0.0014892694307491183,0.437466561794281
2.8210089206695557,1.1368666887283325,5.358457565307617e-05,0.899406373500824,0.0008260976173914969,-0.0010292272781953216,0.4371117949485779
2.862433671951294,1.1828866004943848,0.000644683837890625,0.8997654914855957,0.0005519446567632258,-0.001960993744432926,0.4363688826560974
2.9016854763031006,1.2291216850280762,0.0002840757369995117,0.9003463387489319,0.0007141799433156848,-0.0012087210780009627,0.4351719319820404
2.9420876502990723,1.2800955772399902,0.0023084282875061035,0.9020588994026184,0.003710521850734949,-0.0027008892502635717,0.4315885901451111
2.9838149547576904,1.3259248733520508,0.0021724700927734375,0.9029266834259033,0.0024147555232048035,-0.0031395992264151573,0.4297764301300049
3.0243141651153564,1.3720307350158691,0.001466512680053711,0.9032925367355347,0.0012968340888619423,-0.0027159058954566717,0.42901474237442017
3.06310772895813,1.4183810949325562,4.559755325317383e-05,0.903336226940155,0.0007355112466029823,-0.0009289571898989379,0.42893150448799133
3.10441255569458,1.4673489332199097,0.0005735158920288086,0.9027951955795288,0.0010099306236952543,-0.001645137439481914,0.43006664514541626
3.1454010009765625,1.5156296491622925,0.0003905296325683594,0.9025126099586487,0.0005767744150944054,-0.001604447839781642,0.4306601583957672
3.1868064403533936,1.5649899244308472,0.000645756721496582,0.9027261137962341,0.0005217032739892602,-0.001975018298253417,0.4302108883857727
3.228410482406616,1.6155390739440918,0.0012934207916259766,0.9035577178001404,0.0008802062948234379,-0.0026761898770928383,0.4284571707248688
3.2680768966674805,1.6660182476043701,0.000819861888885498,0.9045987129211426,0.001500514685176313,-0.001749522751197219,0.42625805735588074
3.310119390487671,1.7156413793563843,0.0007116198539733887,0.9044396281242371,0.0007327829371206462,-0.001973530277609825,0.4265965521335602
3.351693630218506,1.7658476829528809,0.0005246400833129883,0.9036759734153748,0.0004932498559355736,-0.0018255524337291718,0.42821288108825684
3.3928112983703613,1.8165371417999268,0.0002319812774658203,0.9027233123779297,0.0006740089738741517,-0.0012442898005247116,0.43021929264068604
3.438793182373047,1.868709683418274,0.0024712085723876953,0.9000926613807678,0.0002724413061514497,-0.004567287862300873,0.43567436933517456
3.4800689220428467,1.9201267957687378,0.0021746158599853516,0.8986474871635437,0.0007169133168645203,-0.003957145847380161,0.43865323066711426
3.519644260406494,1.9701579809188843,0.0002543330192565918,0.8970910906791687,0.0006157096358947456,-0.0013718574773520231,0.44184306263923645
3.562744617462158,2.0223922729492188,0.0006614923477172852,0.8944034576416016,0.0007124784169718623,-0.001915464410558343,0.447256475687027
3.6044771671295166,2.07442569732666,0.0002205371856689453,0.8908087015151978,0.0007616670918650925,-0.001280762255191803,0.4543764293193817
3.647125244140625,2.1272754669189453,0.0002791285514831543,0.8854338526725769,0.000566511123906821,-0.0014636920532211661,0.464762806892395
3.6907143592834473,2.184108257293701,0.0024718046188354492,0.8778868913650513,0.0016700916457921267,-0.0039108311757445335,0.4788491427898407
3.731210231781006,2.237630605697632,0.001391768455505371,0.8719528317451477,0.0011901386315003037,-0.002677051117643714,0.4895811080932617
3.770592451095581,2.2925162315368652,0.0004413723945617676,0.8672587275505066,0.0010226385202258825,-0.001437564380466938,0.49785470962524414
3.8105342388153076,2.3493947982788086,0.0005740523338317871,0.8623949885368347,0.0007746740593574941,-0.0017718736780807376,0.5062323808670044
3.849958896636963,2.407846212387085,0.0011459589004516602,0.8581826090812683,0.0009840619750320911,-0.002460642484948039,0.5133376121520996
3.8889758586883545,2.4676578044891357,0.0021404623985290527,0.8544155955314636,0.0012798942625522614,-0.0037034659180790186,0.5195755958557129
3.9237146377563477,2.527590751647949,0.0016092658042907715,0.8515985608100891,0.0029149255715310574,-0.001945393392816186,0.524182915687561
3.9616541862487793,2.5849149227142334,0.0002855062484741211,0.8474470376968384,0.0008060936816036701,-0.0013504220405593514,0.5308777093887329
3.997175455093384,2.64845609664917,0.0017660856246948242,0.8430535197257996,0.0029553815256804228,-0.002130151027813554,0.5378174185752869
4.032970428466797,2.70916485786438,0.0014104247093200684,0.8394114375114441,0.0026181545108556747,-0.0018091074889525771,0.5434872508049011
4.068072319030762,2.770035743713379,0.0007474422454833984,0.8356500864028931,0.0016835803398862481,-0.001379239372909069,0.5492578744888306
4.100893974304199,2.8344359397888184,0.0013285279273986816,0.8325644135475159,0.0026035846676677465,-0.0016829391242936254,0.5539196729660034
4.134304046630859,2.896106004714966,0.00017821788787841797,0.8284858465194702,0.0008682035841047764,-0.0011514315847307444,0.5600084066390991
4.1662492752075195,2.962010145187378,0.0009354352951049805,0.8249732255935669,0.0014725395012646914,-0.001861480064690113,0.5651669502258301
4.1976847648620605,3.0264899730682373,0.0004292130470275879,0.8230129480361938,0.0008775144233368337,-0.001514691160991788,0.5680199861526489
4.227701187133789,3.0918917655944824,0.00041937828063964844,0.8213066458702087,0.000551446049939841,-0.001054112333804369,0.5704858303070068
4.25868034362793,3.159989356994629,0.0012125372886657715,0.8170571327209473,0.000680325145367533,-0.0028205381240695715,0.5765495896339417
4.285577774047852,3.2265737056732178,0.0003293156623840332,0.8132646679878235,0.0011019922094419599,-0.0011876999633386731,0.5818917155265808
4.312378406524658,3.2986409664154053,0.0024973154067993164,0.8090715408325195,0.0034505303483456373,-0.002773645333945751,0.5876936316490173
4.338792324066162,3.366478204727173,0.0017327666282653809,0.805588960647583,0.0029449742287397385,-0.0019729731138795614,0.59246426820755
4.365941524505615,3.4327352046966553,-7.43865966796875e-05,0.8023833632469177,0.0006464893231168389,-0.0009081728057935834,0.5968078970909119
4.39177942276001,3.504218816757202,0.0009940266609191895,0.7973059415817261,0.0015015328535810113,-0.0019132407614961267,0.6035704612731934
4.415998935699463,3.574202537536621,0.0014756321907043457,0.7941958904266357,0.0012018030975013971,-0.0014703640481457114,0.607659101486206
4.439194202423096,3.64971923828125,0.0039004087448120117,0.7923733592033386,0.0034449140075594187,-0.004312355536967516,0.6100114583969116
4.4609527587890625,3.720552444458008,0.0029811859130859375,0.7913866639137268,0.003120483597740531,-0.003726053750142455,0.611296534538269
4.481907367706299,3.7878916263580322,5.543231964111328e-06,0.7908453345298767,0.0007015429437160492,-0.0007059975760057569,0.6120153069496155
4.50587272644043,3.861513137817383,0.0012202858924865723,0.7880391478538513,0.0007894124719314277,-0.002672026166692376,0.6156190037727356
4.527581214904785,3.9334139823913574,0.0007886290550231934,0.7855036854743958,0.0007265892345458269,-0.0022051457781344652,0.6188527345657349
4.548186302185059,4.00634765625,0.000840306282043457,0.7817230224609375,0.0017902683466672897,-0.0014396844198927283,0.6236215829849243
4.569924354553223,4.078356742858887,0.0002764463424682617,0.7776678204536438,0.0014683057088404894,-0.0008179116994142532,0.6286733746528625
4.591836929321289,4.1520094871521,0.0006046891212463379,0.7721938490867615,0.0012948211515322328,-0.0014754157746210694,0.6353840231895447
4.611669063568115,4.225679397583008,0.0006980299949645996,0.7661820650100708,0.0014731826959177852,-0.0011491645127534866,0.6426209211349487
4.631731986999512,4.299937725067139,0.0006198287010192871,0.7588880062103271,0.0010538958013057709,-0.0016940453788265586,0.6512181162834167
4.648898124694824,4.375358581542969,0.000957489013671875,0.7510597705841064,0.0020740448962897062,-0.0013561589876189828,0.6602297425270081
4.66678524017334,4.449524879455566,0.00029844045639038086,0.7437552809715271,0.0010336192790418863,-0.0011976859532296658,0.6684501767158508
4.682318210601807,4.5249199867248535,7.56382942199707e-05,0.7342684268951416,0.0010038663167506456,-0.0007209711475297809,0.6788581609725952
4.697039604187012,4.60262393951416,0.0009295344352722168,0.7260115146636963,0.0012755256611853838,-0.002032341668382287,0.687678337097168
4.709596157073975,4.678092002868652,0.0010279417037963867,0.7194355130195618,0.00039373739855363965,-0.0013150889426469803,0.6945579051971436
4.720502853393555,4.756092548370361,0.0010596513748168945,0.7129573225975037,0.0009424530435353518,-0.001973731443285942,0.7012039422988892
4.729762077331543,4.83364200592041,0.0007564425468444824,0.7064900398254395,0.0011753517901524901,-0.001857847673818469,0.7077195644378662
4.7364349365234375,4.911490440368652,0.0007231831550598145,0.7012192010879517,0.001861719647422433,-0.001107302843593061,0.7129424214363098
4.743602275848389,4.9903178215026855,0.0011832118034362793,0.6953371167182922,0.0016487250104546547,-0.0021190273109823465,0.7186786532402039
4.747694492340088,5.068116188049316,0.000797271728515625,0.6905236840248108,0.0017731791594997048,-0.001319460803642869,0.7233065366744995
4.749047756195068,5.148244380950928,0.0018521547317504883,0.6857715845108032,0.0034464620985090733,-0.0014190342044457793,0.7278072237968445
4.75158166885376,5.229823589324951,0.0036689043045043945,0.6818031072616577,0.004305295180529356,-0.0037350200582295656,0.7315135598182678
4.7573933601379395,5.308906078338623,0.0034593939781188965,0.6784940361976624,0.0015096247661858797,-0.006378933787345886,0.7345767021179199
4.754591464996338,5.384992599487305,0.0014832019805908203,0.6760729551315308,0.0017254260601475835,-0.002601820044219494,0.7368282079696655
4.75299596786499,5.461117744445801,0.0004302859306335449,0.6744470596313477,9.153491555480286e-05,-0.00038110389141365886,0.7383230924606323
4.750360012054443,5.541714191436768,7.170438766479492e-05,0.6700333952903748,0.0009392531937919557,-0.000909595109988004,0.7423299551010132
4.747397422790527,5.620779991149902,0.0008075237274169922,0.6624162197113037,0.0007953749736770988,-0.0003131654520984739,0.7491355538368225
4.745203495025635,5.70164680480957,0.000364840030670166,0.6544127464294434,0.0008112169452942908,-0.0016013942658901215,0.7561354041099548
4.740628719329834,5.78128719329834,0.0009809136390686035,0.6482767462730408,0.0007967587443999946,-0.0013022716157138348,0.7614032626152039
4.734586238861084,5.862648010253906,0.0013309717178344727,0.6419346332550049,0.0022355264518409967,-0.0017759045585989952,0.7667540907859802
4.728105545043945,5.942042827606201,0.0011442303657531738,0.6354691386222839,0.0020238040015101433,-0.0014495538780465722,0.7721222043037415
4.720316410064697,6.021313190460205,0.0007901191711425781,0.6280750036239624,0.001972085563465953,-0.000894729804713279,0.7781498432159424
4.712857723236084,6.1010308265686035,0.0004957914352416992,0.6196612119674683,0.0013781753368675709,-0.0011997561668977141,0.7848673462867737
4.703306198120117,6.180243968963623,-2.8192996978759766e-05,0.61258864402771,0.0008477821829728782,-0.0008238066220656037,0.7904009222984314
4.6904144287109375,6.261678695678711,0.0013016462326049805,0.6035856604576111,0.0023439358919858932,-0.001554907881654799,0.7972932457923889
4.67850399017334,6.340109825134277,0.00034332275390625,0.5959663391113281,0.0011441002134233713,-0.001077698776498437,0.8030078411102295
4.663456916809082,6.421088218688965,0.001367807388305664,0.5867225527763367,0.0019555536564439535,-0.0022254937794059515,0.8097826242446899
4.648087978363037,6.499541759490967,0.0006703734397888184,0.5787094831466675,0.001092011108994484,-0.0019810227677226067,0.8155307769775391
4.629535675048828,6.576786518096924,0.00067138671875,0.5705195069313049,0.0007504745153710246,-0.0003908370272256434,0.8212835788726807
4.611860752105713,6.65817403793335,0.0019726157188415527,0.5622054934501648,0.0005214862176217139,-0.003583593526855111,0.8269897699356079
4.587788105010986,6.7353034019470215,0.0010434389114379883,0.5545743107795715,0.002222849987447262,-0.0011632117675617337,0.8321305513381958
4.5666351318359375,6.813628196716309,0.0013982057571411133,0.5477443337440491,0.0012351266341283917,-0.002327424706891179,0.8366415500640869
4.540968418121338,6.88932991027832,0.00032079219818115234,0.5407667756080627,0.0016642087139189243,-0.00020861766824964434,0.8411709070205688
4.513156414031982,6.967854022979736,0.0018905997276306152,0.532957911491394,0.003563102800399065,-0.0009626829414628446,0.846133828163147
4.484404563903809,7.044630527496338,0.002661406993865967,0.523094117641449,0.004993654787540436,-0.0004023387737106532,0.8522602319717407
4.458568096160889,7.120359420776367,0.00167161226272583,0.5144281983375549,0.003342763986438513,-0.0007677777321077883,0.8575266599655151
4.432163715362549,7.194336414337158,-1.8298625946044922e-05,0.5067940354347229,0.0005491506308317184,-0.00043207145063206553,0.8620669841766357
4.398296356201172,7.268831729888916,0.0017667412757873535,0.49911507964134216,0.0018963629845529795,0.0005019950913265347,0.8665335178375244
4.3654398918151855,7.34513521194458,0.0013920068740844727,0.490720272064209,0.0029137630481272936,-0.0007848359527997673,0.8713119029998779
4.333235263824463,7.4177470207214355,0.00028198957443237305,0.48402872681617737,0.0010992365423589945,-0.0004363000625744462,0.8750513195991516
4.2981157302856445,7.4911298751831055,0.00010800361633300781,0.4753626585006714,0.0008335958118550479,-0.000813613529317081,0.8797891736030579
4.260467529296875,7.563467025756836,0.00015872716903686523,0.4661775231361389,0.001227452652528882,-0.0005302109057083726,0.8846902847290039
4.220398426055908,7.637603282928467,0.0020183324813842773,0.4568500518798828,0.0029333517886698246,-0.0023432106245309114,0.8895357847213745
4.182000637054443,7.707379341125488,0.000715792179107666,0.44930407404899597,0.001445073983632028,-0.0016335789114236832,0.8933762311935425
4.1427388191223145,7.775126934051514,3.68952751159668e-05,0.4415155053138733,-0.0008147581829689443,3.894034307450056e-06,0.897253155708313
4.100151538848877,7.843475818634033,0.000784754753112793,0.43099892139434814,-0.0008314821752719581,0.0009529937524348497,0.9023515582084656
4.055477619171143,7.910895824432373,0.00232541561126709,0.42196357250213623,-0.00045122337178327143,0.0018247405532747507,0.906610906124115
4.012269973754883,7.979509353637695,0.0018495917320251465,0.41443559527397156,-0.0011399844661355019,0.0006225730176083744,0.9100777506828308
3.966695785522461,8.04698371887207,0.00014418363571166992,0.4062465727329254,-0.0008239025482907891,0.00026648869970813394,0.913763165473938
3.920269250869751,8.11208724975586,0.00013339519500732422,0.4011951982975006,-0.0012330289464443922,0.0004235926317051053,0.9159916043281555
3.8729960918426514,8.176220893859863,0.0001335740089416504,0.3960966169834137,-0.001235061208717525,0.000460595590993762,0.9182079434394836
3.8248753547668457,8.239351272583008,0.0006504058837890625,0.389380544424057,-0.001264964579604566,0.0003159911429975182,0.9210761785507202
3.7761964797973633,8.301471710205078,0.00013387203216552734,0.3801340162754059,-0.0012473812093958259,0.00048529819468967617,0.9249305129051208
3.727224349975586,8.362524032592773,0.00043469667434692383,0.37120893597602844,-0.0015371250919997692,0.0002221777685917914,0.9285480976104736
3.6771538257598877,8.421883583068848,0.00046831369400024414,0.36169949173927307,-0.0016274707159027457,0.0005871023167856038,0.932293176651001
3.6259708404541016,8.481348037719727,0.00013977289199829102,0.35219162702560425,-0.000702634162735194,0.00019374952535144985,0.93592768907547
3.574831485748291,8.538620948791504,-0.0001919269561767578,0.3442196846008301,-0.0009007045300677419,0.000299009116133675,0.9388887286186218
3.5231354236602783,8.594452857971191,3.266334533691406e-05,0.3346962034702301,-0.0011332370340824127,0.0004419941105879843,0.9423252940177917
3.4709126949310303,8.64970588684082,9.387731552124023e-05,0.3270227015018463,-0.001198862213641405,8.317705214722082e-05,0.9450157880783081
3.4186460971832275,8.70317268371582,0.0008188486099243164,0.31888696551322937,-0.001965960953384638,-0.00017615775868762285,0.9477907419204712
3.364596128463745,8.755667686462402,0.00028908252716064453,0.30838096141815186,-0.0014169150963425636,8.683772466611117e-05,0.9512619376182556
3.3102846145629883,8.807069778442383,8.368492126464844e-05,0.30251556634902954,-0.0010591157479211688,-7.083095260895789e-05,0.953143835067749
3.255328893661499,8.856313705444336,-3.927946090698242e-05,0.29617705941200256,-0.0010102324886247516,0.00043481451575644314,0.9551324248313904
3.2003374099731445,8.904983520507812,0.00024569034576416016,0.2909580171108246,-0.0011839533690363169,7.209370960481465e-05,0.9567351937294006
3.1445298194885254,8.952349662780762,0.00045049190521240234,0.28566569089889526,-0.0011741211637854576,-0.00023459696967620403,0.9583285450935364
3.0879578590393066,8.997777938842773,-2.4318695068359375e-05,0.2780497074127197,-0.001112708356231451,0.0002982044534292072,0.9605661034584045
3.0314316749572754,9.04255199432373,0.00010335445404052734,0.26912280917167664,-0.0010993952164426446,0.00017011574527714401,0.9631052613258362
2.975224494934082,9.085638046264648,0.00029540061950683594,0.2600097060203552,-0.001489555579610169,0.0004037341568619013,0.9656049013137817
2.9182515144348145,9.128440856933594,0.00021588802337646484,0.2518669068813324,-0.0010485313832759857,8.896320650819689e-06,0.9677613377571106
2.861384868621826,9.169013977050781,7.706880569458008e-05,0.24241937696933746,-0.0012444397434592247,0.00031196640338748693,0.9701706767082214
2.803727865219116,9.208675384521484,-0.00025159120559692383,0.23437227308750153,-0.0006883431342430413,0.00043719838140532374,0.9721465706825256
2.7468678951263428,9.246777534484863,0.0003388524055480957,0.2293042093515396,-0.0014841649681329727,2.6913623514701612e-05,0.9733536839485168
2.6887166500091553,9.283595085144043,-7.37309455871582e-05,0.2210475355386734,-0.0010575082851573825,0.00028046444640494883,0.9752625226974487
2.631082773208618,9.319567680358887,0.0007604360580444336,0.2148876041173935,-0.0015228232368826866,-0.0005736104212701321,0.9766375422477722
2.5724639892578125,9.353073120117188,0.00027114152908325195,0.2075084149837494,-0.0014494553906843066,0.00017179151473101228,0.978232204914093
2.5141711235046387,9.386463165283203,0.0004991292953491211,0.19935238361358643,-0.0015980465104803443,-0.00028130493592470884,0.9799265265464783
2.454958438873291,9.417959213256836,-4.482269287109375e-05,0.18893422186374664,-0.0011152507504448295,0.00021286978153511882,0.9819891452789307
2.396415948867798,9.448493957519531,-1.3113021850585938e-05,0.1820153295993805,-0.0011094025103375316,3.9790062146494165e-05,0.9832950830459595
2.3383407592773438,9.477188110351562,0.00032591819763183594,0.174945667386055,-0.0015464919852092862,0.0002449469466228038,0.9845768809318542
2.279820442199707,9.505302429199219,0.00012743473052978516,0.16842469573020935,-0.001323097967542708,0.00022783185704611242,0.9857136011123657
2.221961259841919,9.532022476196289,0.00025725364685058594,0.16268637776374817,-0.0014771315036341548,0.0002456825750414282,0.9866768717765808
2.164560079574585,9.558037757873535,0.00011986494064331055,0.15754874050617218,-0.0013169061858206987,0.00021124214981682599,0.9875103831291199
2.1072447299957275,9.582830429077148,-8.881092071533203e-05,0.15502400696277618,-0.0010005314834415913,0.00027721968945115805,0.9879102110862732
2.050175428390503,9.606080055236816,0.00014150142669677734,0.15273918211460114,-0.0012060408480465412,0.00041900883661583066,0.9882657527923584
1.9928642511367798,9.628949165344238,5.7220458984375e-06,0.1495763063430786,-0.0011839893413707614,0.00018047615594696254,0.9887495040893555
1.9355380535125732,9.650572776794434,4.953145980834961e-05,0.14398853480815887,-0.0012257720809429884,0.00019833690021187067,0.9895786643028259
1.8780094385147095,9.671292304992676,0.00015228986740112305,0.13850951194763184,-0.0012813368812203407,0.0003148355463054031,0.9903602004051208
1.8202259540557861,9.691629409790039,-3.808736801147461e-05,0.1334659606218338,-0.0011077160015702248,6.603074871236458e-05,0.9910528659820557
1.7631503343582153,9.711054801940918,0.00026988983154296875,0.12758515775203705,-0.0014994690427556634,0.00019417177827563137,0.9918265342712402
1.705815076828003,9.730247497558594,0.0001944899559020996,0.1226816326379776,-0.0013940798817202449,0.00012085575144737959,0.9924451112747192
1.6484277248382568,9.748784065246582,2.1278858184814453e-05,0.11740058660507202,-0.0010453463764861226,1.4302056115411688e-05,0.9930841326713562
1.5908530950546265,9.766074180603027,0.00011539459228515625,0.11153079569339752,-0.0009665255784057081,8.115684613585472e-05,0.9937605261802673
1.532878041267395,9.782623291015625,-7.510185241699219e-05,0.10639454424381256,-0.0008188234642148018,0.00021836553059983999,0.9943236708641052
1.4741696119308472,9.798502922058105,-0.00021827220916748047,0.10195108503103256,-0.00029582856222987175,5.483984205056913e-05,0.9947893619537354
1.4156149625778198,9.813820838928223,-3.349781036376953e-05,0.09603486955165863,-0.00012899283319711685,0.0001432123244740069,0.9953779578208923
1.357668161392212,9.829174041748047,-0.00010120868682861328,0.09040239453315735,-0.0006137912278063595,3.0598428566008806e-05,0.9959051012992859
1.2992842197418213,9.843819618225098,8.279085159301758e-05,0.08680887520313263,-0.0010361255845054984,0.0001999034866457805,0.9962244033813477
1.2405060529708862,9.85842227935791,0.00018900632858276367,0.0836094319820404,-0.0012606936506927013,0.0002314877783646807,0.9964978098869324
1.1804893016815186,9.872299194335938,0.00018554925918579102,0.0787830799818039,-0.0006222770316526294,9.148312528850511e-05,0.9968915581703186
1.1197030544281006,9.885770797729492,1.6987323760986328e-05,0.07286559790372849,0.0004884040099568665,-7.27336373529397e-05,0.9973416924476624
1.0591797828674316,9.898531913757324,-7.259845733642578e-05,0.06671501696109772,0.0011190400691702962,-0.00021471442596521229,0.9977714419364929
0.9988110661506653,9.909796714782715,0.00010031461715698242,0.059535663574934006,0.0013135921908542514,-3.3902259019669145e-05,0.9982253313064575
0.9388494491577148,9.921460151672363,0.0003501772880554199,0.05341378226876259,0.0010608709417283535,-0.0006022448069415987,0.9985717535018921
0.8783636689186096,9.931650161743164,5.7578086853027344e-05,0.049445465207099915,0.0010763942264020443,-2.1552288671955466e-05,0.9987762570381165
0.8179664015769958,9.942632675170898,-4.798173904418945e-05,0.04417789727449417,0.001007548300549388,-0.00011372924200259149,0.9990231990814209
0.7560064792633057,9.952917098999023,0.000711977481842041,0.03799745813012123,0.002053008181974292,-0.0008875575149431825,0.9992753863334656
0.6963527798652649,9.960509300231934,-7.361173629760742e-05,0.03375599533319473,0.0008517477544955909,3.189224298694171e-05,0.9994298219680786
0.6336609721183777,9.96956729888916,0.0006943345069885254,0.029053105041384697,0.002031055511906743,-0.0010860833572223783,0.9995752573013306
0.5736181735992432,9.975305557250977,-0.0001850128173828125,0.024595124647021294,0.0007833334966562688,0.00025285501033067703,0.999697208404541
0.5122546553611755,9.982577323913574,0.00014013051986694336,0.017454080283641815,0.0005740957567468286,-0.00022149592405185103,0.999847412109375
0.4503810703754425,9.98906135559082,-0.00012612342834472656,0.009192603640258312,0.0007359218434430659,-0.00013436628796625882,0.9999575018882751
0.38872355222702026,9.995070457458496,-3.0100345611572266e-05,0.0018796438816934824,0.0005528847686946392,0.00017715594731271267,0.999998152256012
0.3261908292770386,10.000335693359375,-0.0002218484878540039,-0.005401508882641792,0.0009450787329114974,0.00015690513828303665,0.9999849200248718
0.2639884054660797,10.004414558410645,6.759166717529297e-05,-0.012279877439141273,0.0008346690447069705,-0.00011620311124715954,0.9999243021011353
0.20147615671157837,10.006705284118652,0.0004341602325439453,-0.019624879583716393,0.000873300654347986,3.514168201945722e-05,0.9998071193695068
0.13855136930942535,10.007965087890625,0.0002866387367248535,-0.026649201288819313,0.0011731000849977136,0.00016372613026760519,0.9996442198753357
0.07591191679239273,10.008604049682617,1.5497207641601562e-06,-0.03333688899874687,0.0010765070328488946,2.6205230824416503e-05,0.9994435906410217
0.0135919488966465,10.00806713104248,0.000164031982421875,-0.039441730827093124,0.0005798049387522042,0.00025420961901545525,0.9992217421531677
-0.0483560785651207,10.007711410522461,-0.00011563301086425781,-0.04447903111577034,-0.00036798379733227193,-3.288811421953142e-05,0.9990102648735046
-0.11061954498291016,10.006232261657715,9.328126907348633e-05,-0.04968099296092987,-0.0011488520540297031,0.0002585881156846881,0.9987644553184509
-0.17417196929454803,10.004463195800781,-0.00018644332885742188,-0.055308666080236435,-0.0007808974478393793,-9.561542537994683e-05,0.9984690546989441
-0.23798437416553497,10.000447273254395,-0.0001761913299560547,-0.06080174073576927,-8.462394907837734e-05,0.0002514261577744037,0.9981497526168823
-0.30055123567581177,9.998002052307129,0.0015921592712402344,-0.06295004487037659,-0.000649159075692296,-0.0016935871681198478,0.9980150461196899
-0.36214032769203186,9.992696762084961,0.0011951923370361328,-0.06585165113210678,-0.0018260546494275331,-0.0013977063354104757,0.997826874256134
-0.4264504015445709,9.98604679107666,-0.00012171268463134766,-0.07006453722715378,-1.828513813961763e-05,2.3510212486144155e-05,0.9975425004959106
-0.49071577191352844,9.981247901916504,0.0004348158836364746,-0.07880064845085144,0.0017799055203795433,-0.0003217771591152996,0.9968887567520142
-0.5534538626670837,9.975165367126465,0.0007909536361694336,-0.08618632704019547,0.002242261078208685,-0.0005858359509147704,0.9962763786315918
-0.6142011284828186,9.967839241027832,-7.408857345581055e-05,-0.09397861361503601,0.0009768601739779115,0.00017419731011614203,0.9955738186836243
-0.6764596104621887,9.961380004882812,0.0002485513687133789,-0.1032959520816803,0.0008055398939177394,-0.00046968532842583954,0.9946502447128296
-0.7379177808761597,9.953514099121094,0.0002695918083190918,-0.11172950267791748,-2.7443096769275144e-05,-0.00022928044199943542,0.9937387108802795
-0.8001347184181213,9.945323944091797,0.0002663135528564453,-0.11847288906574249,-0.0002761953801382333,-0.0006032369565218687,0.9929570555686951
-0.8627841472625732,9.934709548950195,9.47713851928711e-05,-0.12523047626018524,2.5507573809591122e-05,0.00019090382556896657,0.9921276569366455
-0.927026093006134,9.924263000488281,0.000295102596282959,-0.12964299321174622,0.0014778616605326533,-0.00037871539825573564,0.9915595650672913
-0.9887413382530212,9.911462783813477,-0.00014066696166992188,-0.13432739675045013,0.001010000822134316,0.0003634535241872072,0.9909364581108093
-1.050779938697815,9.899099349975586,0.00014674663543701172,-0.14225447177886963,0.0006228903657756746,-0.0002480410330463201,0.989829957485199
-1.1125284433364868,9.885382652282715,0.00011789798736572266,-0.14942775666713715,5.78072176722344e-05,0.00010461563942953944,0.9887726902961731
-1.1749292612075806,9.871126174926758,-0.00011640787124633789,-0.15636031329631805,8.942640124587342e-05,3.101280890405178e-05,0.9877001047134399
-1.2368537187576294,9.855867385864258,-3.701448440551758e-05,-0.1630210131406784,-0.00019304739544168115,0.0002893955970648676,0.9866226315498352
-1.2993766069412231,9.840864181518555,0.0006964206695556641,-0.16753888130187988,3.389654739294201e-05,-0.0009320223471149802,0.9858651161193848
-1.361568808555603,9.822225570678711,0.00011092424392700195,-0.1731996238231659,0.0006776759983040392,9.293243056163192e-05,0.9848865270614624
-1.4237053394317627,9.804430961608887,-1.1444091796875e-05,-0.18011175096035004,0.00113489234354347,0.00017407927953172475,0.9836455583572388
-1.4851661920547485,9.78538703918457,4.2557716369628906e-05,-0.18720564246177673,0.0012114165583625436,0.00043841611477546394,0.9823199510574341
-1.545790433883667,9.765799522399902,-0.00016069412231445312,-0.19384601712226868,0.0006572886486537755,0.0003283504629507661,0.9810317158699036
-1.6070573329925537,9.744293212890625,-4.297494888305664e-05,-0.20034824311733246,0.0010522310622036457,0.000691366323735565,0.9797240495681763
-1.6672967672348022,9.723428726196289,0.0002697110176086426,-0.20521953701972961,0.0004889653064310551,-0.0001670879719313234,0.9787159562110901
-1.726494312286377,9.701869010925293,0.0003051161766052246,-0.21122218668460846,-0.0008056992664933205,-0.0002164491597795859,0.9774378538131714
-1.7863130569458008,9.679652214050293,-4.83393669128418e-05,-0.21793454885482788,-0.001077681896276772,-0.00018992627155967057,0.97596275806427
-1.8459011316299438,9.655876159667969,5.2869319915771484e-05,-0.2239755541086197,-0.0010258007096126676,8.96102937986143e-05,0.974594235420227
-1.905515432357788,9.63131332397461,9.995698928833008e-05,-0.2295607030391693,-0.0007129012956283987,-0.0002855755446944386,0.9732940793037415
-1.9644140005111694,9.60489273071289,0.00032019615173339844,-0.2342958152294159,-0.0005286878440529108,-1.4738255231350195e-05,0.9721651673316956
-2.023148536682129,9.577795028686523,0.00045812129974365234,-0.23967859148979187,-0.00022857461590319872,-8.142467413563281e-05,0.9708523750305176
-2.0807762145996094,9.550241470336914,0.00031495094299316406,-0.24587291479110718,-0.0006601799395866692,-0.00014935992658138275,0.9693019390106201
-2.138092279434204,9.522650718688965,-1.0013580322265625e-05,-0.25221413373947144,-0.0011213821126148105,-0.0002227862278232351,0.967670738697052
-2.1956286430358887,9.494383811950684,0.00011622905731201172,-0.2569926679134369,-0.00088640017202124,5.116863394505344e-05,0.9664130210876465
-2.2525506019592285,9.466018676757812,-9.697675704956055e-05,-0.262783408164978,-0.0010088671697303653,-0.00010699006088543683,0.9648544192314148
-2.309197425842285,9.437271118164062,-1.0132789611816406e-05,-0.2674553096294403,-0.000994745409116149,-0.00019538456399459392,0.9635698199272156
-2.365840196609497,9.40814208984375,0.00014901161193847656,-0.274108350276947,-0.0008015510975383222,-0.00025077408645302057,0.9616984128952026
-2.4214138984680176,9.37885570526123,0.0004430413246154785,-0.28046345710754395,-0.0014401028165593743,-0.00048375892220065,0.959863543510437
-2.477461099624634,9.348062515258789,0.00015413761138916016,-0.2869584858417511,-0.0009195301099680364,-9.496128041064367e-05,0.9579426050186157
-2.5327045917510986,9.317338943481445,-9.739398956298828e-05,-0.2934473752975464,-0.001014154520817101,-0.00021165734506212175,0.9559747576713562
-2.5878617763519287,9.28661060333252,0.0004075169563293457,-0.3000775873661041,-0.0010098250349983573,-0.0011097983224317431,0.953913688659668
-2.641768217086792,9.253861427307129,0.0002931356430053711,-0.30798792839050293,-0.0012135489378124475,-0.0006447106716223061,0.9513893127441406
-2.695596218109131,9.220515251159668,7.426738739013672e-05,-0.3138202130794525,-0.0010407802183181047,-0.000587989401537925,0.949481725692749
-2.7491965293884277,9.186251640319824,0.0008766651153564453,-0.31953275203704834,-0.0004557882493827492,-0.0009550831746309996,0.9475747346878052
-2.801344633102417,9.150736808776855,-0.0001004338264465332,-0.3255465626716614,-0.0006777298985980451,-0.00019920000340789557,0.9455257654190063
-2.8536744117736816,9.115702629089355,-0.00019347667694091797,-0.33104079961776733,-0.0008935108198784292,-0.0001751648960635066,0.9436160326004028
-2.9059200286865234,9.079864501953125,9.697675704956055e-05,-0.336558073759079,-0.0006231723818928003,-0.00031751024653203785,0.9416625499725342
-2.9578754901885986,9.04249382019043,0.00024056434631347656,-0.3445885479450226,3.700473826029338e-05,0.0001708849158603698,0.9387539029121399
-3.009289503097534,9.004585266113281,7.963180541992188e-05,-0.35057175159454346,0.0005540073616430163,0.0002669105015229434,0.9365355968475342
-3.0598347187042236,8.966059684753418,2.384185791015625e-06,-0.35604020953178406,0.0006916270358487964,0.00034690325264818966,0.9344702959060669
-3.1098074913024902,8.926651954650879,-5.716085433959961e-05,-0.36297866702079773,0.0008369343122467399,0.0005163716850802302,0.9317970275878906
-3.159092426300049,8.887516975402832,-0.00022208690643310547,-0.3698735535144806,0.0003705921699292958,0.00037468469236046076,0.9290820360183716
-3.2081713676452637,8.8479642868042,0.0002664923667907715,-0.3751421570777893,2.5754750822670758e-05,-0.00034348617191426456,0.9269672632217407
-3.256514310836792,8.807331085205078,8.851289749145508e-05,-0.3800092935562134,-0.00046322643174789846,-0.00034388116910122335,0.924982488155365
-3.3058199882507324,8.765774726867676,-1.0311603546142578e-05,-0.38693827390670776,0.00013404774654190987,-0.0001630317565286532,0.9221056699752808
-3.353893280029297,8.723296165466309,-2.0682811737060547e-05,-0.39363786578178406,0.0003398850094527006,0.00019559971406124532,0.9192655682563782
-3.401583671569824,8.680672645568848,0.0009248256683349609,-0.3995334804058075,0.0006783428252674639,-0.0004214979999233037,0.9167183041572571
-3.4479753971099854,8.63617992401123,0.00012105703353881836,-0.4057972729206085,0.0008693613926880062,0.000308468472212553,0.9139626622200012
-3.493560791015625,8.593003273010254,-0.0003528594970703125,-0.411282479763031,-6.992798444116488e-05,0.00011576991528272629,0.9115080237388611
-3.5388548374176025,8.550118446350098,0.0001277327537536621,-0.416767954826355,-0.001211836701259017,-0.0005676800501532853,0.9090120196342468
-3.5841479301452637,8.50540542602539,3.9458274841308594e-05,-0.421141654253006,-0.001092270715162158,-0.0005383563111536205,0.906994104385376
-3.628476619720459,8.460219383239746,8.344650268554688e-05,-0.4265437722206116,-0.0011667145881801844,-0.000546037859749049,0.9044660329818726
-3.6728250980377197,8.414079666137695,-0.00012129545211791992,-0.43243470788002014,-0.0005399680230766535,-5.9169269661651924e-05,0.9016651511192322
-3.716306209564209,8.368151664733887,0.0008645057678222656,-0.43755191564559937,-0.0002617708232719451,-0.0007180063985288143,0.8991928696632385
-3.7589786052703857,8.32331657409668,0.0018998384475708008,-0.4407320022583008,-0.0006970751564949751,-0.0026420876383781433,0.8976346850395203
-3.799405813217163,8.274589538574219,0.00011563301086425781,-0.4466555118560791,-0.0010584350675344467,-0.0007078886847011745,0.8947051167488098
-3.8423798084259033,8.226072311401367,8.821487426757812e-06,-0.45455965399742126,0.0008117398829199374,0.00020281616889405996,0.8907158970832825
-3.8829920291900635,8.177655220031738,0.0001373887062072754,-0.4613397419452667,0.0012547215446829796,0.0005938626709394157,0.8872225880622864
-3.923001766204834,8.129855155944824,0.000652015209197998,-0.46895459294319153,0.0012633517617359757,-8.660020102979615e-05,0.883221447467804
-3.961146354675293,8.08055305480957,-0.0002938508987426758,-0.47650331258773804,0.0006300723180174828,0.0005378074129112065,0.8791723251342773
-3.998974323272705,8.031254768371582,0.00017064809799194336,-0.482806533575058,9.474636317463592e-05,0.00010003434726968408,0.8757269978523254
-4.036652088165283,7.980251312255859,-3.933906555175781e-06,-0.49006789922714233,0.0004510853614192456,0.00010777620627777651,0.8716842532157898
-4.073009014129639,7.928955078125,0.00013136863708496094,-0.4949849843978882,6.565639341715723e-05,0.00012831977801397443,0.8689015507698059
-4.109203815460205,7.878315448760986,-1.3232231140136719e-05,-0.49911707639694214,-0.0007999539375305176,-0.0003943899064324796,0.8665341138839722
-4.145077705383301,7.826506614685059,-7.492303848266602e-05,-0.5041303038597107,-0.0009604640654288232,-0.000440134055679664,0.8636270761489868
-4.180108547210693,7.7738189697265625,-5.447864532470703e-05,-0.5093358159065247,-0.0009650648571550846,-0.0002511289494577795,0.8605673313140869
-4.214765548706055,7.720376968383789,-0.00023001432418823242,-0.515017569065094,-0.0005703141214326024,-3.535272480803542e-05,0.857179582118988
-4.248592853546143,7.666247367858887,0.0003751516342163086,-0.5204762816429138,-5.3789121011504903e-05,2.274356120324228e-05,0.8538761734962463
-4.281979560852051,7.6121954917907715,0.00015616416931152344,-0.525644063949585,0.00020740641048178077,-9.004620369523764e-05,0.8507047295570374
-4.314208984375,7.556828022003174,0.00011485815048217773,-0.5301957130432129,0.0005604772013612092,0.0004094020987395197,0.8478750586509705
-4.34611701965332,7.502312183380127,-3.254413604736328e-05,-0.5346423983573914,0.0003418755659367889,0.00019484265067148954,0.8450783491134644
-4.378071308135986,7.447363376617432,0.0008186697959899902,-0.5393574833869934,0.0006714713526889682,-0.00047977743088267744,0.8420764803886414
-4.408088684082031,7.391154766082764,-3.463029861450195e-05,-0.5447139143943787,0.00041441599023528397,0.0002821753150783479,0.8386217951774597
-4.437490463256836,7.33481502532959,0.0004897117614746094,-0.5500450730323792,0.0004252202343195677,6.82320460327901e-05,0.8351348042488098
-4.465925693511963,7.277120113372803,4.887580871582031e-05,-0.5557008981704712,0.0008236654102802277,0.00047614012146368623,0.8313817381858826
-4.49323844909668,7.218896389007568,0.0002645254135131836,-0.5612897872924805,0.0010832580737769604,0.0009317860240116715,0.8276181817054749
-4.520318031311035,7.161367893218994,6.258487701416016e-06,-0.5667651295661926,0.0009221519576385617,0.0006855805404484272,0.8238786458969116
-4.54624605178833,7.10287618637085,0.00035440921783447266,-0.5715512037277222,0.0006617104518227279,0.001068678917363286,0.8205656409263611
-4.572422027587891,7.044835567474365,-0.00014013051986694336,-0.5753968954086304,0.0006010193028487265,0.00044040248030796647,0.817874014377594
-4.597259998321533,6.985432147979736,-7.069110870361328e-05,-0.5796642899513245,0.0006150270346552134,0.000642024097032845,0.8148548603057861
-4.621617317199707,6.926335334777832,-6.687641143798828e-05,-0.5841629505157471,0.00026170327328145504,0.0005626361817121506,0.8116361498832703
-4.646393775939941,6.868091106414795,0.0007807016372680664,-0.5873651504516602,0.00014334541629068553,-0.000902716419659555,0.8093216419219971
-4.668187618255615,6.809070110321045,0.0003342628479003906,-0.5908867120742798,-0.0012440134305506945,-0.0007801411557011306,0.8067532181739807
-4.691428184509277,6.748925685882568,0.0005371570587158203,-0.5962310433387756,-0.0005697531159967184,-0.001030552200973034,0.8028121590614319
-4.713667392730713,6.687131404876709,0.0002485513687133789,-0.6032214760780334,0.0002779602073132992,4.1522755054757e-05,0.7975737452507019
-4.736198902130127,6.6276655197143555,0.0007253885269165039,-0.6085671782493591,7.906967221060768e-05,-0.000791060330811888,0.7935020923614502
-4.757356643676758,6.568139553070068,0.0001251697540283203,-0.6140338182449341,-0.0009801326086744666,-0.0008622924797236919,0.789278507232666
-4.777792453765869,6.507232666015625,0.00016605854034423828,-0.6202197670936584,-0.000820027431473136,-0.0005674099666066468,0.7844274044036865
-4.797117233276367,6.446783065795898,0.0008781552314758301,-0.625521183013916,-0.0008781803771853447,-0.0007701866561546922,0.7802064418792725
-4.814822196960449,6.385656356811523,0.0014777183532714844,-0.630355179309845,-0.0008163189049810171,-0.0006610283744521439,0.7763062119483948
-4.832008361816406,6.324609756469727,-8.022785186767578e-05,-0.6348362565040588,-0.0008737790049053729,-0.0005934188375249505,0.7726460099220276
-4.849544048309326,6.264111518859863,0.0005405545234680176,-0.639286994934082,-0.0005144370952621102,-0.0016093215672299266,0.7689664959907532
-4.864917755126953,6.20271110534668,0.00011044740676879883,-0.6448108553886414,-0.0009008845081552863,-0.0008591500227339566,0.7643411159515381
-4.881056785583496,6.141743183135986,0.0001138448715209961,-0.6503638625144958,-0.0009962631156668067,-0.0008483774145133793,0.7596217393875122
-4.895916938781738,6.080344200134277,7.718801498413086e-05,-0.6560487747192383,-0.0008430125890299678,-0.0006925719208084047,0.7547177076339722
-4.90922737121582,6.018893241882324,3.147125244140625e-05,-0.6616233587265015,-0.0009379194234497845,-0.000754455104470253,0.7498353719711304
-4.921301364898682,5.956961154937744,-4.4226646423339844e-05,-0.6660568714141846,-0.0008525974699296057,-0.0005931548657827079,0.7459001541137695
-4.933062553405762,5.894914150238037,-0.0002269744873046875,-0.670324444770813,-0.0007041224162094295,-0.0005503952270373702,0.7420675754547119
-4.9439263343811035,5.833059787750244,-0.0001773834228515625,-0.674831748008728,-0.0008200413431040943,-0.0003640125796664506,0.7379710674285889
-4.954771041870117,5.771055698394775,-1.3113021850585938e-05,-0.6784833073616028,-0.0003747448499780148,-0.000617221521679312,0.7346155643463135
-4.9638166427612305,5.7082200050354,0.00025665760040283203,-0.6830677390098572,2.093626062560361e-05,-0.00016371945093851537,0.7303550839424133
-4.971965312957764,5.644354820251465,5.6743621826171875e-05,-0.688914954662323,0.0008460379322059453,0.0008612099336460233,0.7248411774635315
-4.979725360870361,5.5807976722717285,0.0009955167770385742,-0.6938851475715637,0.0019610649906098843,0.0008926342125050724,0.7200825214385986
-4.985086441040039,5.519358158111572,-0.0001157522201538086,-0.6977106332778931,0.0005546012544073164,0.0006275872001424432,0.7163791656494141
-4.990713119506836,5.4574151039123535,-0.00010436773300170898,-0.7007529735565186,-0.0003038907889276743,3.598407784011215e-05,0.7134039402008057
-4.995938777923584,5.3940205574035645,6.014108657836914e-05,-0.7041444182395935,5.100694397697225e-05,-0.00021715552429668605,0.7100567817687988
-5.000349998474121,5.331313133239746,0.00016450881958007812,-0.7082223296165466,-0.00040820971480570734,-0.0005090520717203617,0.7059891819953918
-5.004815578460693,5.267609119415283,-3.1054019927978516e-05,-0.7141091823577881,-0.00024988962104544044,-0.00024468472111038864,0.7000342011451721
-5.008429527282715,5.203927040100098,0.0004419684410095215,-0.7192453742027283,-0.000147083614137955,-0.00014258311421144754,0.6947562098503113
-5.011007785797119,5.139867305755615,-7.349252700805664e-05,-0.7236062288284302,0.00010064033995149657,0.00022621981042902917,0.6902129054069519
-5.014077186584473,5.075442314147949,0.000527799129486084,-0.7273863554000854,0.0012787344167008996,2.0056053472217172e-05,0.6862270832061768
-5.0143656730651855,5.011220455169678,0.0003024935722351074,-0.7315472364425659,0.0012082321336492896,0.0008815846522338688,0.681789219379425
-5.013926982879639,4.948172092437744,-7.2479248046875e-05,-0.7360730767250061,0.0007618344970978796,0.0006889287615194917,0.6769012808799744
-5.013315200805664,4.884933948516846,0.0005312561988830566,-0.7406156063079834,0.0007647248567081988,0.00011954856017837301,0.6719286441802979
-5.01126766204834,4.821189880371094,0.00022739171981811523,-0.7456753849983215,0.000728173297829926,0.00029960396932438016,0.6663090586662292
-5.0084614753723145,4.758138656616211,0.0003516077995300293,-0.7505393028259277,0.0001702811714494601,7.473563164239749e-05,0.6608257293701172
-5.005462169647217,4.695119857788086,5.036592483520508e-05,-0.7552234530448914,-0.00018770589667838067,-0.0004299562133383006,0.6554672122001648
-5.001187324523926,4.631741523742676,5.751848220825195e-05,-0.7592882513999939,-0.0005296334275044501,-0.000530810677446425,0.6507540345191956
-4.996046543121338,4.568041801452637,-0.00010716915130615234,-0.7630116939544678,-0.0005247135413810611,-0.0006262126844376326,0.6463841795921326
-4.990388870239258,4.5045976638793945,-6.729364395141602e-05,-0.7661489844322205,-0.0007955904002301395,-0.0006702239043079317,0.6426622271537781
-4.984538555145264,4.44071102142334,-0.0002567768096923828,-0.7699088454246521,-0.0006166019011288881,-0.0005090260528959334,0.6381533741950989
-4.976621627807617,4.376804828643799,0.0008336305618286133,-0.7742899060249329,-0.00026799473562277853,-0.0002730097621679306,0.6328309178352356
-4.968072891235352,4.313301086425781,7.659196853637695e-05,-0.7783981561660767,-0.00010298698907718062,-0.00029719059239141643,0.6277708411216736
-4.958069324493408,4.250235557556152,0.00020557641983032227,-0.7830271124839783,-0.0004836859880015254,-0.0002037503436440602,0.6219873428344727
-4.9479475021362305,4.187535285949707,-0.00010156631469726562,-0.7869614958763123,-0.0007152847829274833,-0.0007346521015278995,0.6170012354850769
-4.936557769775391,4.124459743499756,-7.510185241699219e-06,-0.7901654839515686,-0.0009001128491945565,-0.0005995579995214939,0.612892746925354
-4.925323009490967,4.061179161071777,9.340047836303711e-05,-0.7930624485015869,-0.00038958279765211046,-0.0006709881708957255,0.6091400980949402
-4.912632942199707,3.998121976852417,-6.29425048828125e-05,-0.7965568900108337,-7.09442247170955e-05,-0.00045368814608082175,0.6045635938644409
-4.899209976196289,3.9361908435821533,3.439188003540039e-05,-0.8010259866714478,-0.0005621828604489565,-0.0006845677271485329,0.5986290574073792
-4.885501384735107,3.874147653579712,0.0002967715263366699,-0.8044947981834412,-0.0003266265557613224,-0.001325972960330546,0.5939581394195557
-4.869509696960449,3.812069892883301,-0.0001208186149597168,-0.8080862164497375,-0.0007186501170508564,-0.000615268771070987,0.5890635848045349
-4.853717803955078,3.7494516372680664,-0.00026661157608032227,-0.8132809400558472,-0.00034380669239908457,-9.017133561428636e-05,0.5818711519241333
-4.838702201843262,3.6887919902801514,0.00032001733779907227,-0.8169836401939392,-0.0009186333627440035,-0.0012575436849147081,0.5766588449478149
-4.822565078735352,3.626762866973877,4.6133995056152344e-05,-0.8196343779563904,-0.0005743351066485047,-0.001045301789417863,0.5728858709335327
-4.805160045623779,3.5655393600463867,8.83936882019043e-05,-0.8225706219673157,-0.0006987799424678087,-0.0008485479047521949,0.5686619281768799
-4.786088466644287,3.50327205657959,0.00047087669372558594,-0.825515866279602,6.800613482482731e-05,0.0001490908907726407,0.5643789768218994
-4.765896320343018,3.4411847591400146,0.0005509853363037109,-0.8294103145599365,0.0009248346323147416,0.0012274431064724922,0.5586378574371338
-4.746096134185791,3.381540536880493,0.0006060600280761719,-0.8334808349609375,0.0007246905588544905,0.00041566204163245857,0.5525478720664978
-4.726430892944336,3.322265863418579,0.0006499290466308594,-0.83783358335495,0.0004061998624820262,-0.0007016235613264143,0.5459251999855042
-4.705357551574707,3.263636589050293,0.0002606511116027832,-0.8412915468215942,-0.0008429005392827094,-0.001214182935655117,0.5405797362327576
-4.68401575088501,3.2036304473876953,-8.07046890258789e-05,-0.8445227146148682,-0.000656583346426487,-0.0007908118423074484,0.5355188250541687
-4.663106918334961,3.14412260055542,0.0008281469345092773,-0.8486366868019104,-0.00040635582990944386,-0.0011566553730517626,0.5289748907089233
-4.640455722808838,3.084897518157959,0.0003001689910888672,-0.8531227707862854,-0.00043413450475782156,-0.0008823387906886637,0.5217093825340271
-4.616162300109863,3.026089668273926,3.266334533691406e-05,-0.8571263551712036,-0.00032514226040802896,-0.0005395273910835385,0.5151059031486511
-4.590582370758057,2.9673209190368652,0.00019997358322143555,-0.8607087135314941,-7.154625563998707e-06,2.8883110644528642e-05,0.5090977549552917
-4.564096927642822,2.909536838531494,-6.455183029174805e-05,-0.8633145689964294,4.035616075270809e-05,0.0001819076423998922,0.504666268825531
-4.537535190582275,2.8525381088256836,0.00010609626770019531,-0.8663716316223145,-0.0004438952018972486,-0.00011355579044902697,0.4993995726108551
-4.511177062988281,2.79485821723938,0.0009699463844299316,-0.8680638670921326,0.0006542087066918612,-0.0009945603087544441,0.49645131826400757
-4.4821014404296875,2.7385714054107666,0.00022679567337036133,-0.8707547783851624,-3.851542714983225e-05,-0.0006658769561909139,0.49171727895736694
-4.452550411224365,2.682650327682495,7.76052474975586e-05,-0.8738954663276672,-0.0004676944517996162,-0.0006537283770740032,0.48611316084861755
-4.422806739807129,2.6261684894561768,0.00040018558502197266,-0.8775044679641724,0.00013170496094971895,-0.0007891919231042266,0.47956782579421997
-4.39043664932251,2.5707099437713623,2.6047229766845703e-05,-0.881247878074646,-0.00041130869067274034,0.0001509038993390277,0.47265419363975525
-4.35923957824707,2.5153961181640625,0.0002562999725341797,-0.884313702583313,5.0481950893299654e-05,-0.0003987548698205501,0.46689316630363464
-4.327517986297607,2.461184501647949,0.00010538101196289062,-0.8871430158615112,-0.0003306534490548074,-0.001178916310891509,0.46149304509162903
-4.294898986816406,2.4068355560302734,1.9609928131103516e-05,-0.8900991082191467,-0.0005534274387173355,-0.0010189552558586001,0.45576566457748413
-4.2617387771606445,2.35304856300354,0.00018978118896484375,-0.8929104208946228,-0.0008321002242155373,-0.0010232295608147979,0.4502323865890503
-4.2280378341674805,2.299269437789917,-7.128715515136719e-05,-0.8951525688171387,-0.0005774876335635781,-0.0008790010469965637,0.4457589089870453
-4.193377494812012,2.246194362640381,0.0003535747528076172,-0.8975738286972046,-0.0004096657794434577,-0.0007591489120386541,0.44086331129074097
-4.157836437225342,2.1935641765594482,0.00012564659118652344,-0.90030437707901,-0.00023185467580333352,-0.0005967484903521836,0.43526050448417664
-4.121070384979248,2.141230344772339,1.2218952178955078e-05,-0.9032646417617798,9.255161421606317e-05,-0.00017129261686932296,0.429083913564682
-4.084813117980957,2.0903303623199463,0.0001290440559387207,-0.9058144688606262,-0.0004752531531266868,-0.0008298102766275406,0.42367368936538696
-4.048218727111816,2.0391762256622314,0.00013822317123413086,-0.9078419804573059,-0.0006145446677692235,-0.0011770912678912282,0.41931062936782837
-4.010404109954834,1.988250970840454,-6.520748138427734e-05,-0.9099825024604797,-0.0005715907900594175,-0.0008209331426769495,0.41464534401893616
-3.9713375568389893,1.9374115467071533,-0.00023043155670166016,-0.9132850766181946,-0.0002966503088828176,-6.301482062553987e-05,0.40732085704803467
-3.931811809539795,1.8873540163040161,0.0002468228340148926,-0.9158104658126831,0.0005006755236536264,-6.876292900415137e-05,0.4016105532646179
-3.8918070793151855,1.838671088218689,0.00016742944717407227,-0.9186772704124451,4.132669710088521e-05,-0.00025118590565398335,0.39500898122787476
-3.851602554321289,1.7903532981872559,0.00030428171157836914,-0.921509861946106,-0.0004374269337859005,-0.0006802153657190502,0.38835424184799194
-3.810842990875244,1.7416950464248657,0.0005559325218200684,-0.9236812591552734,0.0001470872521167621,-0.0011582429287955165,0.38315996527671814
-3.7689013481140137,1.6941391229629517,8.237361907958984e-05,-0.9257141947746277,-0.0002873291668947786,-0.001184458495117724,0.3782218098640442
-3.7262051105499268,1.6467090845108032,0.0002033710479736328,-0.9279590249061584,-0.00024908443447202444,-0.0011511016637086868,0.37268051505088806
-3.6818597316741943,1.599168300628662,-0.0003654360771179199,-0.9299510717391968,-6.878174463054165e-05,7.851099508116022e-05,0.36768341064453125
-3.6376986503601074,1.5523927211761475,0.00025206804275512695,-0.9320343136787415,0.00042117518023587763,0.00044144061394035816,0.36236971616744995
-3.593031883239746,1.5061970949172974,-1.3947486877441406e-05,-0.9345048069953918,0.0005307545070536435,0.0008657402358949184,0.3559492826461792
-3.547999858856201,1.4609723091125488,0.00014966726303100586,-0.9369909167289734,0.0003268241125624627,0.0009255388285964727,0.34935250878334045
-3.503150224685669,1.416412115097046,-2.771615982055664e-05,-0.9390681385993958,7.647011807421222e-05,0.00035536676296032965,0.3437309265136719
-3.4580061435699463,1.3719671964645386,0.0007224678993225098,-0.9409913420677185,0.0005169613868929446,-0.0004948624991811812,0.33842992782592773
-3.4108147621154785,1.328918695449829,-0.00025266408920288086,-0.9431301355361938,-0.00021532703249249607,-0.00031633919570595026,0.3324235677719116
-3.3634891510009766,1.286192774772644,0.0001379847526550293,-0.945165753364563,-0.00020344171207398176,-0.0007275631069205701,0.3265904188156128
-3.315000534057617,1.2439608573913574,7.092952728271484e-06,-0.947373628616333,-8.645932393847033e-05,-0.0006975550204515457,0.3201292157173157
-3.26625394821167,1.2029566764831543,0.00016355514526367188,-0.949329137802124,-0.0003132520942017436,-0.0011614288669079542,0.3142813742160797
-3.217242479324341,1.1616772413253784,-5.7220458984375e-05,-0.9511983394622803,-0.00022301221906673163,-0.0010497927432879806,0.30857834219932556
-3.168426990509033,1.1212174892425537,2.664327621459961e-05,-0.9530654549598694,-0.0004145124985370785,-0.0011168416822329164,0.3027620315551758
-3.119603157043457,1.080579161643982,-0.00013178586959838867,-0.95457524061203,-0.0002389557339483872,-0.0009131882688961923,0.2979687452316284
-3.070119619369507,1.0405843257904053,-7.987022399902344e-06,-0.9566415548324585,-0.00035846844548359513,-0.00046557217137888074,0.29126742482185364
-3.0206518173217773,1.0013258457183838,-0.00021404027938842773,-0.9583905339241028,-0.000323525135172531,-0.0006387944449670613,0.28545933961868286
-2.9706320762634277,0.9627358913421631,0.0001850724220275879,-0.9597947001457214,-0.0002265641960548237,-0.0007629928295500576,0.28070199489593506
-2.919782876968384,0.9246129989624023,5.167722702026367e-05,-0.9614039659500122,-5.645565397571772e-05,-0.00046306930016726255,0.27514055371284485
-2.8678202629089355,0.8860240578651428,-8.046627044677734e-05,-0.9641532301902771,0.00030154763953760266,0.0007599690579809248,0.26534491777420044
-2.816178798675537,0.8495935797691345,-3.594160079956055e-05,-0.9663735628128052,3.167492468492128e-05,0.0007154065533541143,0.25714150071144104
-2.7650492191314697,0.8143914341926575,-0.00020205974578857422,-0.9680271744728088,-0.0002781595103442669,-0.0004432468849699944,0.25084489583969116
-2.7121474742889404,0.7798509001731873,-0.00019496679306030273,-0.9695484638214111,-0.0005150986253283918,-0.000657151045743376,0.24489831924438477
-2.658649444580078,0.74500572681427,0.00015360116958618164,-0.9710723757743835,4.502287265495397e-05,-0.0006762088742107153,0.23878446221351624
-2.6055121421813965,0.7115389704704285,0.00014960765838623047,-0.9726104736328125,-0.00042629020754247904,-0.001245856867171824,0.232437402009964
-2.5511081218719482,0.6782212853431702,-2.0265579223632812e-05,-0.9740235805511475,-0.00028325655148364604,-0.0009452595259062946,0.22644475102424622
-2.495615243911743,0.6456091403961182,0.0005013942718505859,-0.9753175377845764,0.00038786575896665454,-0.0004425578226801008,0.22080615162849426
-2.439316511154175,0.6150761842727661,1.049041748046875e-05,-0.9767323136329651,-0.0001839739124989137,0.00014047825243324041,0.21446222066879272
-2.3839457035064697,0.5842929482460022,0.0002071857452392578,-0.9783200621604919,0.00022683304268866777,-0.00029619739507324994,0.20709794759750366
-2.3278019428253174,0.555006742477417,0.00015401840209960938,-0.9798765778541565,-0.00021021852444391698,-0.0005491927731782198,0.19960328936576843
-2.2715303897857666,0.5263075232505798,-7.450580596923828e-06,-0.9812328219413757,-0.0002365987456869334,-0.0011179075809195638,0.19282367825508118
-2.2148842811584473,0.49804529547691345,0.0007505416870117188,-0.9821089506149292,7.960433140397072e-05,-0.0014870992163196206,0.18830785155296326
-2.15708327293396,0.47089290618896484,-0.00011360645294189453,-0.9830490350723267,-0.00027563999174162745,-0.0009592550341039896,0.183340921998024
-2.099961042404175,0.4439539313316345,-3.522634506225586e-05,-0.9840059280395508,-0.0005138795240782201,-0.0009162928909063339,0.17813251912593842
-2.0419561862945557,0.4164755046367645,0.0003031492233276367,-0.9850126504898071,0.0002703141944948584,-0.0001452261203667149,0.172482430934906
-1.982740044593811,0.39042797684669495,9.328126907348633e-05,-0.9862807989120483,0.0004112467577215284,0.001216287026181817,0.1650717705488205
-1.9245126247406006,0.36564183235168457,8.744001388549805e-05,-0.9873898029327393,0.00025787242338992655,0.0013014520518481731,0.15830262005329132
-1.866692304611206,0.3420431315898895,-6.449222564697266e-05,-0.9884008169174194,1.0096294317918364e-05,0.0005815069889649749,0.15186728537082672
-1.8080298900604248,0.318959504365921,-0.0002968311309814453,-0.9894363284111023,1.597214582815809e-09,0.00024397119705099612,0.14496801793575287
-1.7512699365615845,0.29534465074539185,0.0012359023094177246,-0.9902566075325012,0.001075523323379457,-0.001795153017155826,0.13923943042755127
-1.692030429840088,0.2738344073295593,0.0004985928535461426,-0.9913359880447388,0.00016284605953842402,-0.001648811623454094,0.13134045898914337
-1.6328517198562622,0.25202444195747375,0.00010251998901367188,-0.992268979549408,-0.0002773535088635981,-0.0011662913020700216,0.12410084158182144
-1.573407769203186,0.23087434470653534,5.507469177246094e-05,-0.9930297136306763,-0.00013586155546363443,-0.0007263862644322217,0.11786188185214996
-1.513867974281311,0.21116897463798523,-0.0001156926155090332,-0.9937925934791565,-0.000315974117256701,-0.0005989196943119168,0.1112464964389801
-1.4543588161468506,0.19230276346206665,6.717443466186523e-05,-0.9945217370986938,2.1306474081939086e-05,-0.0008994525414891541,0.10452696681022644
-1.3929929733276367,0.1752241551876068,0.00030934810638427734,-0.9952858686447144,-4.4930900912731886e-05,-7.550653390353546e-05,0.09698501974344254
-1.3307089805603027,0.1588994562625885,5.924701690673828e-05,-0.9960057735443115,0.00013495846360456198,0.0011534858494997025,0.08928154408931732
-1.269681453704834,0.14362028241157532,0.00013208389282226562,-0.9965187311172485,-5.229669568507234e-06,0.001002057222649455,0.08336302638053894
-1.208251953125,0.12832166254520416,-2.181529998779297e-05,-0.9968564510345459,0.00012492721725720912,0.0009456636616960168,0.07922413945198059
-1.1466319561004639,0.11371758580207825,3.248453140258789e-05,-0.9972112774848938,-2.1099040168337524e-05,0.000829764932859689,0.07462607324123383
-1.0845342874526978,0.09961112588644028,-0.00012809038162231445,-0.9976200461387634,2.613768447190523e-05,0.0009300858364440501,0.06894653290510178
-1.022491693496704,0.08628234267234802,-0.00011092424392700195,-0.9980459213256836,-0.00019254909420851618,0.000782301533035934,0.06248084828257561
-0.9609860181808472,0.0724814310669899,0.0007781982421875,-0.9983069896697998,0.0009756892104633152,1.4956227687434875e-06,0.05815752595663071
-0.898559033870697,0.06205752491950989,0.00010246038436889648,-0.9985939860343933,4.406857669891906e-07,-0.00017667141219135374,0.053010549396276474
-0.8349745273590088,0.050802573561668396,0.00016641616821289062,-0.9989776611328125,0.00021194088913034648,0.0005701627233065665,0.0452016144990921
-0.7715067267417908,0.04126414284110069,-0.0002111196517944336,-0.9992879629135132,3.4820997825590894e-05,0.0009616677998565137,0.03771938756108284
-0.7092285752296448,0.030880335718393326,0.0010206103324890137,-0.9995009899139404,0.0009931036038324237,0.0001394925347995013,0.03157136216759682
-0.6463421583175659,0.022221732884645462,0.0007933974266052246,-0.99970543384552,0.000642760016489774,-0.00016050756676122546,0.0242637749761343
-0.5845044851303101,0.015110221691429615,0.00022560358047485352,-0.9998140931129456,-2.48214382736478e-05,-0.0014567688340321183,0.0192243754863739
-0.5213349461555481,0.008322851732373238,-0.00014704465866088867,-0.9998750686645508,-0.00016019567556213588,-0.0009468859061598778,0.015778686851263046
-0.4601372480392456,0.001781294122338295,-1.6868114471435547e-05,-0.9999172687530518,1.1088750397902913e-05,-0.001156657817773521,0.012812034226953983
